doc_id,file_path,title,source_url,retrieved_at,document_version,license_or_permission
etsy-buyer-policy,data/k4_ecommerce/etsy-buyer-policy.md,Etsy Buyer Policy,https://www.etsy.com/legal/buyers/,2026-08-03,last-updated-2026-06-09,public-page
etsy-cases-policy,data/k4_ecommerce/etsy-cases-policy.md,Etsy Cases Policy,https://www.etsy.com/legal/policy/cases-policy/243306189901,2026-08-03,effective-2026-07-09,public-page
etsy-seller-policy,data/k4_ecommerce/etsy-seller-policy.md,Etsy Seller Policy,https://www.etsy.com/legal/sellers/,2026-08-03,effective-2026-07-09,public-page
etsy-shipping-policy,data/k4_ecommerce/etsy-shipping-policy.md,Etsy Shipping Policy,https://www.etsy.com/legal/shipping/,2026-08-03,effective-2026-07-09,public-page
etsy-payments-policy,data/k4_ecommerce/etsy-payments-policy.md,Etsy Payments Policy,https://www.etsy.com/legal/etsy-payments/,2026-08-03,web-accessed-2026-08-03,public-page
etsy-fees-policy,data/k4_ecommerce/etsy-fees-policy.md,Etsy Fees and Payments Policy,https://www.etsy.com/legal/fees/,2026-08-03,last-updated-2026-02-13,public-page
etsy-off-platform-policy,data/k4_ecommerce/etsy-off-platform-policy.md,Etsy Off-Platform Transactions Policy,https://www.etsy.com/legal/policy/off-platform-transactions/1254654515806,2026-08-03,last-updated-2026-06-09,public-page
etsy-privacy-policy,data/k4_ecommerce/etsy-privacy-policy.md,Etsy Privacy Policy,https://www.etsy.com/legal/privacy,2026-08-03,last-updated-2025-11-20,public-page
etsy-cancellation-help,data/k4_ecommerce/etsy-cancellation-help.md,Etsy Help: How to Cancel a Sale,https://help.etsy.com/hc/en-us/articles/115015587347-How-to-Cancel-a-Sale,2026-08-03,web-accessed-2026-08-03,public-page
